Product,Product List Views,Product Detail Views,Product Adds To Cart,Product Removes From Cart,Product Checkouts,Unique Purchases,Cart-to-Detail Rate,Buy-to-Detail Rate
Temium luidsprekerkabel TCHP35 (10 m),4675,78,9,5,15,0,11.54%,0.00%
Temium Micro USB autolader,2169,28,2,1,4,0,7.14%,0.00%
Temium mini to micro HDMI kabel TVHC52,10804,218,12,0,0,0,5.50%,0.00%
Temium mini to micro HDMI kabel TVHC52,0,0,0,1,14,0,0.00%,0.00%
Temium mini to micro HDMI kabel TVHD53C,7923,134,2,0,0,0,1.49%,0.00%
Temium mini to micro HDMI kabel TVHD53C,0,0,0,0,1,0,0.00%,0.00%
Temium multimediakabel CAB LIGHTN 1M Rood,8302,41,1,0,2,0,2.44%,0.00%
Temium multimediakabel RJ45 CABLE CAT6 10M,2443,80,7,2,15,0,8.75%,0.00%
Temium muurbeugel GL204,7035,601,15,0,0,0,2.50%,0.00%
Temium muurbeugel TNEL100B1,4457,125,8,0,0,0,6.40%,0.00%
Temium muurbeugel TNEL101B1,5247,154,7,0,0,0,4.55%,0.00%
Temium muurbeugel TNEL400B1 (25&quot; tot 45&quot;),8055,335,28,0,0,0,8.36%,0.00%
Temium muurbeugel TNEL401B1,11495,914,49,0,0,0,5.36%,0.00%
Temium muurbeugel TNEL800B1 (40&quot; tot 65&quot;),7877,446,13,0,0,0,2.91%,0.00%
Temium ovenlamp E14,1902,106,3,1,11,0,2.83%,0.00%
Temium RCA/jack plug TAD208,3349,62,11,0,0,0,17.74%,0.00%
Temium reiniger &amp; ontkalker KETTLE,3963,271,43,0,0,0,15.87%,0.00%
Temium reinigingsdoekjes CLEANING WIPES X100,6206,21,1,0,1,0,4.76%,0.00%
Temium reinigingsdoekjes CLEANING WIPES X15,2782,14,1,2,2,0,7.14%,0.00%
Temium reinigingskit STARTKITCO,624,8,0,0,0,0,0.00%,0.00%
Temium reinigingsset HN4107,6968,14,2,0,0,0,14.29%,0.00%
Temium reinigingsset HN4107,0,0,0,0,1,0,0.00%,0.00%
Temium s-videokabel TSVR100C,1161,29,0,0,0,0,0.00%,0.00%
Temium satelliet/coax adapters B5730 (4 stuks),2342,69,2,1,7,0,2.90%,0.00%
Temium scheerkopreiniger K04017,293,35,19,21,53,0,54.29%,0.00%
Temium scheerkopreiniger SHAVE CLEANER,1467,72,10,6,37,0,13.89%,0.00%
Temium schraper 82079099,943,34,11,0,0,0,32.35%,0.00%
Temium SELFIE ST 94CM SPORT CAM,1813,207,4,0,4,0,1.93%,0.00%
Temium speakerstandaards TEAK85B,1422,60,1,0,1,0,1.67%,0.00%
Temium stofzakken RO123S X6,802,12,7,3,12,0,58.33%,0.00%
Temium stofzuigerborstel BRUSHSTAND,827,56,24,0,0,0,42.86%,0.00%
Temium stofzuigerbuis TM5,522,26,2,0,0,0,7.69%,0.00%
Temium stofzuigerbuis TM5,0,0,0,1,2,0,0.00%,0.00%
Temium stofzuigerslang TM1,1687,265,13,0,0,0,4.91%,0.00%
Temium stofzuigerslang TM4,635,19,1,0,0,0,5.26%,0.00%
Temium stofzuigerslang TM4,0,0,0,0,1,0,0.00%,0.00%
Temium stofzuigerzakken HO113M (12 stuks),827,9,0,0,0,0,0.00%,0.00%
Temium stofzuigerzakken HO115M X12,3611,11,0,0,0,0,0.00%,0.00%
Temium stofzuigerzakken HO115S,987,5,0,0,0,0,0.00%,0.00%
Temium stofzuigerzakken MO103S (6 stuks),704,16,1,0,3,0,6.25%,0.00%
Temium stofzuigerzakken PH104S (6 stuks),772,13,1,0,1,0,7.69%,0.00%
Temium stofzuigerzakken SI113S (6 stuks),2238,23,1,1,1,0,4.35%,0.00%
Temium stofzuigerzakken TO107S (6 stuks),1550,4,0,0,0,0,0.00%,0.00%
Temium strijk accessoire ALU T1,2964,33,1,0,1,0,3.03%,0.00%
Temium styluspen TP01BLUE (blauw),1080,24,0,0,0,0,0.00%,0.00%
Temium telefoonhoesje FOLIO UNIV BK 4,591,5,1,1,1,0,20.00%,0.00%
Temium telefoonhoesje FOLIO UNIV BK 5.5,592,5,2,1,5,0,40.00%,0.00%
Temium telefoonhoesje FOLIO UNIV CA 4,655,4,2,0,2,0,50.00%,0.00%
Temium telefoonhoesje FOLIO UNIV CA 5,671,28,3,2,3,0,10.71%,0.00%
Temium telefoonhoesje FOLIO UNIV FUS 4,652,8,1,1,1,0,12.50%,0.00%
Temium telefoonhoesje FOLIO UNIV FUS 5,604,13,9,10,19,0,69.23%,0.00%
Temium telefoonhoesje FOLIO UNIV FUS 5.5,691,8,5,4,11,0,62.50%,0.00%
Temium telefoonhoesje FOLIO UNIV MA 4,1155,7,0,0,0,0,0.00%,0.00%
Temium telefoonhoesje FOLIO UNIV MA 4.5,692,5,0,0,0,0,0.00%,0.00%
Temium telefoonhoesje FOLIO UNIV MA 5,641,22,2,2,3,0,9.09%,0.00%
Temium telefoonhoesje FOLIO UNIV MA 5.5,708,6,0,0,0,0,0.00%,0.00%
Temium telefoonhoesje FOLIO UNIV WH 4,1044,10,0,0,0,0,0.00%,0.00%
Temium telefoonhoesje FOLIO UNIV WH 5,967,21,2,2,2,0,9.52%,0.00%
Temium telefoonhoesje FOLIO UNIV WH 5.5,682,6,0,0,0,0,0.00%,0.00%
Temium telefoonlader KEYCHAIN LIGHTNING (Blauw),2856,5,0,0,0,0,0.00%,0.00%
Temium telefoonlader KEYCHAIN LIGHTNING (Rood),2865,15,0,0,0,0,0.00%,0.00%
Temium telefoonlader KEYCHAIN LIGHTNING (Wit),2833,14,1,0,0,0,7.14%,0.00%
Temium telefoonlader KEYCHAIN LIGHTNING (Zwart),2837,19,0,0,0,0,0.00%,0.00%
Temium thuislader CVOYUSBCHA,1364,53,1,0,0,0,1.89%,0.00%
Temium thuislader CVOYUSBCHA,0,0,0,0,1,0,0.00%,0.00%
Temium thuislader DUAL USB CHARGER,1989,104,26,0,0,0,25.00%,0.00%
Temium tulp/RCA kabel A124H (10 m),4119,28,3,1,5,0,10.71%,0.00%
"Temium tulp/RCA kabel TA124G (1,5 m)",380,6,1,0,1,0,16.67%,0.00%
Temium universeel motorfilter,545,7,1,1,1,0,14.29%,0.00%
Temium universele afzuigkap filters CAIF625 (2x),1430,27,0,0,0,0,0.00%,0.00%
Temium universele afzuigkap filters EF150 (2x),1399,66,6,0,9,0,9.09%,0.00%
Temium universele HD converter kit (5 adapters),1504,222,2,0,2,0,0.90%,0.00%
Temium USB oplader sigarettenaansteker Lightning,3440,60,0,0,1,0,0.00%,0.00%
Temium VGA verlengkabel HDDBVGAEXE (5 m),4178,37,1,1,2,0,2.70%,0.00%
Temium VGA verlengkabel HDDBVGAEXT (10 m),2052,25,1,0,1,0,4.00%,0.00%
Temium waterdichte bescherming Zwart,699,30,0,1,5,0,0.00%,0.00%
Terraillon keukenweegschaal MACARON LIQUORICE,3467,57,2,2,8,0,3.51%,0.00%
Terraillon keukenweegschaal MACARON MERINGUE,2234,18,3,1,4,0,16.67%,0.00%
Terraillon keukenweegschaal MACARON RASPBERRY,3030,361,2,2,4,0,0.55%,0.00%
Terraillon keukenweegschaal STRAWBERRY,2035,12,0,0,0,0,0.00%,0.00%
Terraillon STRAWBERRY,735,60,0,0,0,0,0.00%,0.00%
Terraillon weegschaal COLORCOACH QUATTRO,1645,43,2,1,8,0,4.65%,0.00%
Terraillon weegschaal FITNESS ONE BLACK,4043,62,1,1,2,0,1.61%,0.00%
Terraillon weegschaal NAUTICPRO,1790,10,1,0,6,0,10.00%,0.00%
Terraillon weegschaal NAUTICPROPRUNE,1618,9,1,1,1,0,11.11%,0.00%
Terraillon weegschaal POP GREEN,1860,4,0,0,0,0,0.00%,0.00%
Terraillon weegschaal POP TURQUIOSE,3027,9,1,0,1,0,11.11%,0.00%
Terraillon weegschaal POPEASYVIEW,2729,36,0,0,0,0,0.00%,0.00%
Terraillon weegschaal TNEO,1616,45,0,0,0,0,0.00%,0.00%
Thomas centrifuge 772SEK Outlet,1810,23,6,1,10,0,26.09%,0.00%
Thomas centrifuge 775SEL,753,105,7,4,15,0,6.67%,0.00%
Thomson combimagnetron COMBIMAT25,17624,1070,19,6,24,0,1.78%,0.00%
Thomson koelkast THFZ 260 WH,408,0,0,0,0,0,0.00%,0.00%
Thomson koelkast THRL 360 WH,3271,0,0,0,0,0,0.00%,0.00%
Thomson platenspeler TT201,3111,104,0,0,1,0,0.00%,0.00%
Thomson vaatwasser TDW 6047 INOX,4611,0,0,0,0,0,0.00%,0.00%
Thomson vaatwasser TDW60WH,42622,1532,45,0,0,0,2.94%,0.00%
Thomson vaatwasser THOMINOX SILENCE,2294,0,0,0,0,0,0.00%,0.00%
Thomson vrieskast THFZ 260 SS,1243,0,0,0,0,0,0.00%,0.00%
Thomson vrieskist TCH 151 E,8073,0,0,0,0,0,0.00%,0.00%
Thomson vrieskist TCH 251 E,8174,114,0,0,0,0,0.00%,0.00%
Thomson vrieskist TCH 301 E,6562,0,0,0,0,0,0.00%,0.00%
Thomson vrieskist TCH 416 E,5846,77,0,0,0,0,0.00%,0.00%
Thomson vrieskist THFZ 260 WH,4939,0,0,0,0,0,0.00%,0.00%
Thomson warmtepompdroger HP 8,2,0,0,0,0,0,0.00%,0.00%
Thomson warmtepompdroger THOM HP 8,4294,0,0,0,0,0,0.00%,0.00%
Thomson was/droog-combinatie THWD16107EU,11729,0,0,0,0,0,0.00%,0.00%
Thomson wasmachine TW 1016 EU,2927,0,0,0,0,0,0.00%,0.00%
Thomson wasmachine TW712EU,12588,0,0,0,0,0,0.00%,0.00%
Thomson wekkerradio DS500,200,6,0,0,0,0,0.00%,0.00%
Tommy Teleshopping broodbakmachine V0566,6084,199,3,0,3,0,1.51%,0.00%
Tommy teleshopping haardroger INSTYLER BLU IONIC DRYER,2081,31,1,0,1,0,3.23%,0.00%
Tommy teleshopping haardroger INSTYLER BLU MINI DRYER,2027,27,1,0,1,0,3.70%,0.00%
Tommy teleshopping heteluchtborstel SIMPLY STRAIGHT,2034,67,1,0,1,0,1.49%,0.00%
TomTom beschermhoes 9UUA.001.60,4750,111,3,2,4,0,2.70%,0.00%
TomTom camcorder accessoire 9LBA.001.07,1999,13,5,1,8,0,38.46%,0.00%
TomTom camcorder accessoire 9LBM.001.00,1973,8,1,1,1,0,12.50%,0.00%
TomTom camcorder accessoire 9LBM.001.05,2057,10,2,1,9,0,20.00%,0.00%
TomTom camcorder accessoire 9LBM.001.08,2104,13,2,0,3,0,15.38%,0.00%
TomTom camcorder accessoire 9LBM.001.11,1405,13,0,0,0,0,0.00%,0.00%
TomTom camcorder BANDIT ADVENTURE,5061,283,9,2,14,0,3.18%,0.00%
TomTom montagekit ventilatieroosters 9UUB.00113,2036,163,3,0,6,0,1.84%,0.00%
TomTom navigatiesysteem GO 610 World,175,10,0,0,0,0,0.00%,0.00%
TomTom navigatiesysteem RIDER 400,13297,425,19,5,21,0,4.47%,0.00%
Tomtom navigatiesysteem START25E23,147,10,0,0,0,0,0.00%,0.00%
TomTom navigatiesysteem Trucker 5000,1,0,0,0,0,0,0.00%,0.00%
TomTom Spark3 Cardio + Music (+Headphone) (L)Zwart,13559,204,14,5,20,0,6.86%,0.00%
TomTom Spark3 Cardio + Music (+Headphone) (S)Zwart,7150,103,3,1,6,0,2.91%,0.00%
TomTom Spark3 Cardio + Music (Large) Zwart,11443,149,10,0,0,0,6.71%,0.00%
TomTom Spark3 Cardio + Music (Large) Zwart,0,0,0,2,10,0,0.00%,0.00%
TomTom Spark3 Cardio + Music (Small) Aqua,15598,218,8,3,10,0,3.67%,0.00%
TomTom Spark3 Cardio + Music (Small) Zwart,14687,133,2,0,0,0,1.50%,0.00%
TomTom Spark3 Cardio + Music (Small) Zwart,0,0,0,2,10,0,0.00%,0.00%
TomTom Spark3 Music (+Headphone) (Small) Zwart,11237,209,19,8,31,0,9.09%,0.00%
TomTom sportarmband Spark3 (Small) Zwart,10828,311,8,2,10,0,2.57%,0.00%
TomTom sporthorloge SPARK CARDIO+MUSIC (Paars) (S),11508,186,11,3,20,0,5.91%,0.00%
TomTom sporthorloge SPARK GPS FITNESS (Bruin) (L),14460,400,6,2,17,0,1.50%,0.00%
TomTom sporthorloge SPARK GPS FITNESS (Paars) (S),13878,197,4,0,3,0,2.03%,0.00%
TomTom sporthorloge Spark small,6011,253,3,0,3,0,1.19%,0.00%
Tomtom TOMTOM TRACKER STRAP DBL (L),2217,6,0,0,0,0,0.00%,0.00%
Tomtom TOMTOM TRACKER STRAP DBL (S),2222,4,0,0,0,0,0.00%,0.00%
Tomtom TOMTOM TRACKER STRAP LBL (L),4155,23,0,0,0,0,0.00%,0.00%
Tomtom TOMTOM TRACKER STRAP LBL (S),2276,4,0,0,0,0,0.00%,0.00%
Tomtom TOMTOM TRACKER STRAP RED (L),577,1,0,0,0,0,0.00%,0.00%
Tomtom TOMTOM TRACKER STRAP RED (S),577,2,0,0,0,0,0.00%,0.00%
Tomtom TOMTOM WATCH 3 STRAP CGR (L),600,23,1,1,3,0,4.35%,0.00%
"Toshiba 2,5&quot; ext.HDD CANVIOCONII 1TB",33970,623,19,0,0,0,3.05%,0.00%
"Toshiba 2,5&quot; externe harddisk HDTC820EK3CA",24724,660,16,0,0,0,2.42%,0.00%
"Toshiba 2,5&quot; externe harddisk HDTD205ESMDA 500GB",25719,561,12,0,0,0,2.14%,0.00%
"Toshiba 2,5&quot; int.HDD DDIN 2.5 L200 500GB",9555,298,16,0,0,0,5.37%,0.00%
Toshiba 3.5&quot; int.HDD DDIN 3.5 P300 3TB,6690,212,10,0,0,0,4.72%,0.00%
Toshiba 55 inch LED TV 55S3633DG,22893,555,6,2,9,0,1.08%,0.00%
Toshiba int. HDD DDIN 3.5 P300 3TB,3,0,0,0,0,0,0.00%,0.00%
Toshiba laptop C70-C-16F,2,0,0,0,0,0,0.00%,0.00%
Toshiba laptop C70D-C-10L,2,0,0,0,0,0,0.00%,0.00%
Toshiba laptop C70D-C-10Q,2,0,0,0,0,0,0.00%,0.00%
Toshiba laptop P50-C-127,2,0,0,0,0,0,0.00%,0.00%
Toshiba Netwerk harddisk DDIN 3.5 P300 3TB,659,46,3,0,10,0,6.52%,0.00%
TP-Link back-up batterij TL-PB2600,6521,124,4,2,8,0,3.23%,0.00%
Tp-Link homeplug TL-WPA4226KIT,1825,65,4,1,9,0,6.15%,0.00%
Tp-link M7310,4918,99,2,0,3,0,2.02%,0.00%
Tp-link router ARCHER C5400,9407,190,6,1,10,0,3.16%,0.00%
TP-Link WiFi repeater RE210,8812,254,1,1,3,0,0.39%,0.00%
Trebs blender 99272,1544,203,2,0,9,0,0.99%,0.00%
Trebs sapcentrifuge 99274,1729,45,0,0,0,0,0.00%,0.00%
"Tucano 13"" laptoptas WO2MB13",0,0,0,0,4,0,0.00%,0.00%
Tucano 13&quot; laptoptas WO2MB13,6429,111,2,0,0,0,1.80%,0.00%
Tucano beschermhoes CVR 7 UNIV PIEGA RG,1425,30,15,9,22,0,50.00%,0.00%
Tucano beschermhoes CVR IP MINI 4 ANG BK,1455,14,0,0,0,0,0.00%,0.00%
Tucano e-reader beschermhoes LUNIFOLIO,5879,29,0,0,0,0,0.00%,0.00%
Ultimate Ears portable speaker MEGABOOM (Blauw),4231,97,5,1,6,0,5.15%,0.00%
Ultimate Ears portable speaker MEGABOOM (Rood),3794,136,0,1,1,0,0.00%,0.00%
Ultimate Ears portable speaker ROLL 2 ATMOSPHERE,5985,43,3,1,2,0,6.98%,0.00%
Ultimate Ears portable speaker ROLL 2 SUGARPLUM,6573,38,0,0,0,0,0.00%,0.00%
Uncharted 4: A Thief&#39;s End - PS4,35812,1386,229,0,0,0,16.52%,0.00%
Urban Factory back-up batterij PBK 4.4 PK,7274,56,3,0,3,0,5.36%,0.00%
Urban Factory back-up batterij PBK 4.4 WHITE,6183,55,0,0,0,0,0.00%,0.00%
"Verbatim CD-R schijven CDR80 52x (700 MB, 25 stuks)",4343,104,5,1,9,0,4.81%,0.00%
"Verbatim DVD-R schijven 5x 4,7 GB DVD-R/5PK (5 stuks)",5067,35,1,0,1,0,2.86%,0.00%
"Verbatim DVD+R schijven 16x 4,7 GB (5 stuks)",5233,77,0,0,0,0,0.00%,0.00%
View Quest portable radio BARDOT (Zwart),13940,76,1,0,1,0,1.32%,0.00%
View Quest portable radio HEPBURN MKII (Cream),14650,76,1,0,2,0,1.32%,0.00%
View Quest portable radio HEPBURN MKII (Rood),11348,58,0,0,0,0,0.00%,0.00%
View Quest portable radio HEPBURN MKII (Teal),11448,60,0,0,0,0,0.00%,0.00%
View Quest portable radio HEPBURN MKII ZWART,13473,152,1,0,1,0,0.66%,0.00%
View Quest portable radio RETRO MINI (Bruin),9437,180,5,0,8,0,2.78%,0.00%
View Quest portable radio RETRO MINI (Cream),14611,180,4,2,6,0,2.22%,0.00%
View Quest portable radio RETRO MKII (Rood),7094,112,4,0,7,0,3.57%,0.00%
View Quest portable radio RETRO MKII (Teal),11099,113,6,0,8,0,5.31%,0.00%
Vogel's audiobeugel SOUND 3200 (Zwart),0,0,0,1,2,0,0.00%,0.00%
Vogel's audiobeugel SOUND4203,0,0,0,0,12,0,0.00%,0.00%
Vogel's kabelgoot CABLE10L,0,0,0,1,4,0,0.00%,0.00%
Vogel's kabelgoot NEXT7840,0,0,0,1,4,0,0.00%,0.00%
Vogel's muurbeugel NEXT7825,0,0,0,1,3,0,0.00%,0.00%
Vogel's muurbeugel SoundMount NEXT8365,0,0,0,0,4,0,0.00%,0.00%
"Vogel's muurbeugel THIN 315 (40"" tot 65"")",0,0,0,1,12,0,0.00%,0.00%
"Vogel's muurbeugel THIN 345 (40"" tot 65"")",0,0,0,3,28,0,0.00%,0.00%
Vogel's muurbeugel THIN345,0,0,0,1,13,0,0.00%,0.00%
Vogel's muurbeugel WALL 2250 (zwart),0,0,0,0,9,0,0.00%,0.00%
Vogel's muurbeugel WALL 2450 (zwart),0,0,0,0,4,0,0.00%,0.00%
Vogel's muurbeugel WALL2345W,0,0,0,1,8,0,0.00%,0.00%
Vogel's soundbar + subwoofer SoundMount NEXT8365,0,0,0,0,4,0,0.00%,0.00%
Vogel's TV meubel EFF 8340 (zwart),0,0,0,0,7,0,0.00%,0.00%
Vogel's videobeugel PUC2718,0,0,0,0,1,0,0.00%,0.00%
Vogel&#39;s audiobeugel SOUND 3200 (Wit),4762,23,0,0,0,0,0.00%,0.00%
Vogel&#39;s audiobeugel SOUND 3200 (Zwart),4775,40,2,0,0,0,5.00%,0.00%
Vogel&#39;s audiobeugel SOUND4203,11731,65,6,0,0,0,9.23%,0.00%
Vogel&#39;s AV-drager AV10,1773,89,3,0,0,0,3.37%,0.00%
Vogel&#39;s kabelgoot CABLE 8 (wit),4696,142,9,0,0,0,6.34%,0.00%
Vogel&#39;s kabelgoot Cable 8 (zilver),3775,130,6,0,0,0,4.62%,0.00%
Vogel&#39;s kabelgoot Cable 8 (zwart),7192,140,7,0,0,0,5.00%,0.00%
Vogel&#39;s kabelgoot CABLE10L,3209,95,2,0,0,0,2.11%,0.00%
Vogel&#39;s kabelgoot CABLE10M,2389,111,8,0,0,0,7.21%,0.00%
Vogel&#39;s kabelgoot NEXT7840,1979,110,4,0,0,0,3.64%,0.00%
Vogel&#39;s luidsprekersteun VLB200,2321,101,7,0,0,0,6.93%,0.00%
Vogel&#39;s muurbeugel EFW 8305 (40&quot; tot 80&quot;),10692,1341,68,0,0,0,5.07%,0.00%
Vogel&#39;s muurbeugel NEXT7345,2796,183,7,0,0,0,3.83%,0.00%
Vogel&#39;s muurbeugel NEXT7825,3435,52,2,0,0,0,3.85%,0.00%
Vogel&#39;s muurbeugel PFW5005,1922,31,0,0,0,0,0.00%,0.00%
Vogel&#39;s muurbeugel PFW5500,2533,36,0,0,0,0,0.00%,0.00%
Vogel&#39;s muurbeugel PFW5505,2541,37,0,0,0,0,0.00%,0.00%
Vogel&#39;s muurbeugel PPC1500,1441,6,0,0,0,0,0.00%,0.00%
Vogel&#39;s muurbeugel SoundMount NEXT8365,4816,116,2,0,0,0,1.72%,0.00%
Vogel&#39;s muurbeugel THIN 205 (26&quot; tot 55&quot;),7811,387,122,0,0,0,31.52%,0.00%
Vogel&#39;s muurbeugel THIN 215 (26&quot; tot 55&quot;),14090,1513,16,0,0,0,1.06%,0.00%
Vogel&#39;s muurbeugel THIN 225 (26&quot; tot 55&quot;),10050,367,13,0,0,0,3.54%,0.00%
Vogel&#39;s muurbeugel THIN 245 (26&quot; tot 55&quot;),7681,229,25,0,0,0,10.92%,0.00%
Vogel&#39;s muurbeugel THIN 305 (40&quot; tot 65&quot;),7962,209,9,0,0,0,4.31%,0.00%
Vogel&#39;s muurbeugel THIN 315 (40&quot; tot 65&quot;),7493,100,7,0,0,0,7.00%,0.00%
Vogel&#39;s muurbeugel THIN 325 (40&quot; tot 65&quot;),8747,333,97,0,0,0,29.13%,0.00%
Vogel&#39;s muurbeugel THIN 345 (40&quot; tot 65&quot;),6740,208,8,0,0,0,3.85%,0.00%
Vogel&#39;s muurbeugel THIN345,6377,95,3,0,0,0,3.16%,0.00%
Vogel&#39;s muurbeugel voor Sonos Play:1 SOUND 4201 (wit),18293,211,29,0,0,0,13.74%,0.00%
Vogel&#39;s muurbeugel voor Sonos Play:1 SOUND 4201 (zwart),19361,291,41,0,0,0,14.09%,0.00%
Vogel&#39;s muurbeugel WALL 2105 (zwart),5436,477,49,0,0,0,10.27%,0.00%
Vogel&#39;s muurbeugel WALL 2115 (zwart),6727,434,19,0,0,0,4.38%,0.00%
Vogel&#39;s muurbeugel WALL 2125 (wit),10540,325,21,0,0,0,6.46%,0.00%
Vogel&#39;s muurbeugel WALL 2125 (zwart),8545,454,20,0,0,0,4.41%,0.00%
Vogel&#39;s muurbeugel WALL 2145 (wit),5727,245,12,0,0,0,4.90%,0.00%
Vogel&#39;s muurbeugel WALL 2145 (zwart),6858,425,27,0,0,0,6.35%,0.00%
Vogel&#39;s muurbeugel WALL 2205 BK,8195,502,28,0,0,0,5.58%,0.00%
Vogel&#39;s muurbeugel WALL 2215 (zwart),5943,299,17,0,0,0,5.69%,0.00%
Vogel&#39;s muurbeugel WALL 2225,8342,517,44,0,0,0,8.51%,0.00%
Vogel&#39;s muurbeugel WALL 2250 (zwart),4760,143,2,0,0,0,1.40%,0.00%
Vogel&#39;s muurbeugel WALL 2305 (zwart),4645,168,9,0,0,0,5.36%,0.00%
Vogel&#39;s muurbeugel WALL 2315 (zwart),6728,166,13,0,0,0,7.83%,0.00%
Vogel&#39;s muurbeugel WALL 2350 (zwart),5242,126,1,0,0,0,0.79%,0.00%
Vogel&#39;s muurbeugel WALL 2450 (zwart),4880,74,3,0,0,0,4.05%,0.00%
Vogel&#39;s muurbeugel WALL2225W,7172,185,11,0,0,0,5.95%,0.00%
Vogel&#39;s muurbeugel WALL2245,8568,629,49,0,0,0,7.79%,0.00%
Vogel&#39;s muurbeugel WALL2245W,7098,282,20,0,0,0,7.09%,0.00%
Vogel&#39;s muurbeugel WALL2325,7975,365,17,0,0,0,4.66%,0.00%
Vogel&#39;s muurbeugel WALL2325W,7208,137,0,0,0,0,0.00%,0.00%
Vogel&#39;s muurbeugel WALL2345,8140,290,15,0,0,0,5.17%,0.00%
Vogel&#39;s muurbeugel WALL2345W,7047,168,5,0,0,0,2.98%,0.00%
Vogel&#39;s soundbar + subwoofer SoundMount NEXT8365,3372,60,2,0,0,0,3.33%,0.00%
Vogel&#39;s soundbar montagekit SOUND3400,5873,165,7,0,0,0,4.24%,0.00%
Vogel&#39;s soundbar montagekit SOUND3450,3766,210,31,0,0,0,14.76%,0.00%
Vogel&#39;s statief voor Sonos Play:1 SOUND 4301 (wit),26357,243,33,0,0,0,13.58%,0.00%
Vogel&#39;s statief voor Sonos Play:1 SOUND 4301 (zwart),23355,461,59,0,0,0,12.80%,0.00%
Vogel&#39;s statief voor Sonos Play:3 SOUND 4303 (wit),21433,133,17,0,0,0,12.78%,0.00%
Vogel&#39;s statief voor Sonos Play:3 SOUND 4303 (zwart),17082,194,42,0,0,0,21.65%,0.00%
Vogel&#39;s TV meubel EFF 8340 (zwart),2494,235,4,0,0,0,1.70%,0.00%
Vogel&#39;s videobeugel PFB3405,4773,22,0,0,0,0,0.00%,0.00%
Vogel&#39;s videobeugel PFF7020,850,3,0,0,0,0,0.00%,0.00%
Vogel&#39;s videobeugel PFS3304,991,7,0,0,0,0,0.00%,0.00%
Vogel&#39;s videobeugel PFT8520,1364,4,0,0,0,0,0.00%,0.00%
Vogel&#39;s videobeugel PFW5010,789,10,0,0,0,0,0.00%,0.00%
Vogel&#39;s videobeugel PUA9507,723,3,0,0,0,0,0.00%,0.00%
Vogel&#39;s videobeugel PUC1065,1519,3,0,0,0,0,0.00%,0.00%
Vogel&#39;s videobeugel PUC2530,765,0,0,0,0,0,0.00%,0.00%
Vogel&#39;s videobeugel PUC2718,1344,9,0,0,0,0,0.00%,0.00%
Vogel&#39;s VLB 500 ZILVER,3796,126,10,0,0,0,7.94%,0.00%
Vogel&#39;s VLB 500 ZWART,2943,140,3,0,0,0,2.14%,0.00%
Wahoo sportarmband TICKRHEART,9437,577,95,0,0,0,16.46%,0.00%
Waterpik monddouche WP-260,9179,129,4,0,4,0,3.10%,0.00%
Waterpik tandverzorging PS100,744,28,2,0,2,0,7.14%,0.00%
"WD 2,5&quot; ext.HDD Elements 1TB",23984,3198,441,0,0,0,13.79%,0.00%
"WD 2,5&quot; ext.HDD Elements 2TB",27071,1658,220,0,0,0,13.27%,0.00%
"WD 2,5&quot; ext.HDD Elements 500GB",27300,1510,78,0,0,0,5.17%,0.00%
"WD 2,5&quot; externe harddisk Elements (1 TB)",0,1,0,0,0,0,0.00%,0.00%
"WD 3,5&quot; ext.HDD My Book 2TB",26104,869,17,0,0,0,1.96%,0.00%
WD interne harddisk WDGREEN2TB 2TB,8153,224,5,3,12,0,2.23%,0.00%
Weber allesreiniger 26104 250ml,732,1,0,0,0,0,0.00%,0.00%
Weber barbecue Compact Kettle (47 cm),402,4,0,0,0,0,0.00%,0.00%
Weber barbecue Original Kettle (47 cm),399,14,0,0,0,0,0.00%,0.00%
Weber barbecue/grill accessorie 6494,2097,33,1,0,1,0,3.03%,0.00%
Weber beschermhoes 47cm 7450,533,4,0,0,0,0,0.00%,0.00%
"Western Digital 2,5"" ext.HDD DD2.5 3TB",0,0,0,0,1,0,0.00%,0.00%
"Western Digital 2,5"" ext.HDD MY PASSPORT voor Mac",0,0,0,0,9,0,0.00%,0.00%
"Western Digital 2,5"" ext.HDD WDBU6Y0030BB 3TB",0,0,0,6,64,0,0.00%,0.00%
"Western Digital 2,5"" int.HDD DDIN2.5 1TB",0,0,0,1,10,0,0.00%,0.00%
"Western Digital 2,5&quot; ext.HDD DD2.5 3TB",1041,35,0,0,0,0,0.00%,0.00%
"Western digital 2,5&quot; ext.HDD ELEMENTS 750GB PORTABLE 750 GB",1,0,0,0,0,0,0.00%,0.00%
"Western digital 2,5&quot; ext.HDD MY PASSPORT  MAC 3TO 3000 GB",1545,40,0,0,0,0,0.00%,0.00%
"Western Digital 2,5&quot; ext.HDD MY PASSPORT voor Mac",22689,619,8,0,0,0,1.29%,0.00%
"Western Digital 2,5&quot; ext.HDD WDBBKD0015BB 1.5TB",2861,118,3,0,0,0,2.54%,0.00%
"Western Digital 2,5&quot; ext.HDD WDBBKD0015BBK 1.5TB",17486,478,27,0,0,0,5.65%,0.00%
"Western Digital 2,5&quot; ext.HDD WDBBKD0020BB 2TB",24138,778,48,0,0,0,6.17%,0.00%
"Western Digital 2,5&quot; ext.HDD WDBCGL0020BS 2TB",1115,30,0,0,0,0,0.00%,0.00%
"Western Digital 2,5&quot; ext.HDD WDBDAF0020 2TB",12236,187,6,0,0,0,3.21%,0.00%
"Western Digital 2,5&quot; ext.HDD WDBGPU0010BB 1TB",8795,905,61,0,0,0,6.74%,0.00%
"Western Digital 2,5&quot; ext.HDD WDBK8Z0010BB 1TB",35368,666,23,0,0,0,3.45%,0.00%
"Western Digital 2,5&quot; ext.HDD WDBU6Y0030BB 3TB",10013,385,27,0,0,0,7.01%,0.00%
"Western Digital 2,5&quot; externe harddisk WDBDAF0020",1,0,0,0,0,0,0.00%,0.00%
"Western Digital 2,5&quot; int.HDD DDIN2.5 1TB",25895,153,7,0,0,0,4.58%,0.00%
"Western digital 2,5&quot; int.HDD DDIN2.5 LAPTOP 500GB",14267,368,10,0,0,0,2.72%,0.00%
Western digital Ext. HDD Elements Portable 750 GB,1409,59,0,0,0,0,0.00%,0.00%
Western Digital ext.HDD DD3.5  MYBOOK 4TB,1151,119,9,0,0,0,7.56%,0.00%
Western Digital ext.HDD DD3.5 3TB MYBOOK,13,1,0,0,0,0,0.00%,0.00%
Western Digital ext.HDD DD3.5 MYBOOK 4TB,0,0,0,2,15,0,0.00%,0.00%
Western Digital Externe harddisk DD3.5 4T MYBOOK,1,0,0,0,0,0,0.00%,0.00%
Western digital Netwerk harddisk DD3.5 3TB MYBOOK,671,72,2,0,1,0,2.78%,0.00%
Western Digital netwerk harddisk WDBWVZ0040JWT,828,194,2,0,3,0,1.03%,0.00%
Whirlpool afzuigkap AKR558/2IX,16591,560,8,2,15,0,1.43%,0.00%
Whirlpool combimagnetron (inbouw) AMW755IX Outlet,26371,351,3,0,8,0,0.85%,0.00%
Whirlpool combimagnetron GT 288 SL,39278,1054,14,0,0,0,1.33%,0.00%
Whirlpool gaskookplaat (inbouw) AKR3711IX,11090,726,38,0,0,0,5.23%,0.00%
Whirlpool koelkast (inbouw) ARG451/A+ Outlet,4422,20,1,0,2,0,5.00%,0.00%
Whirlpool koelkast (inbouw) ARG730,1915,50,0,0,1,0,0.00%,0.00%
Whirlpool koelkast (inbouw) ARZ005/A+ Outlet,80662,220,4,3,6,0,1.82%,0.00%
Whirlpool koelvriescombinatie BSF8152OX Outlet,4,1,0,0,0,0,0.00%,0.00%
Whirlpool magnetron GT386MIR,17981,589,9,0,10,0,1.53%,0.00%
Whirlpool oven (inbouw) AKP449IX Outlet,4101,0,2,0,8,0,0.00%,0.00%
Whirlpool vaatwasser (inbouw) ADG6400A++,1,0,0,0,0,0,0.00%,0.00%
Whirlpool vaatwasser (inbouw) ADG8895FD,0,2,0,0,0,0,0.00%,0.00%
Whirlpool vaatwasser (inbouw) ADG9511A+ Outlet,1329,0,0,2,9,0,0.00%,0.00%
Whirlpool vaatwasser (inbouw) WBC 3C24 P X,10313,99,9,2,12,0,9.09%,0.00%
Whirlpool vaatwasser (inbouw) WIC 3C22 P Outlet,2021,0,0,0,0,0,0.00%,0.00%
Whirlpool vaatwasser (inbouw) WP207,3,0,0,0,0,0,0.00%,0.00%
Whirlpool vaatwasser (inbouw) WRIC 3C26 P,5823,80,2,1,6,0,2.50%,0.00%
Whirlpool wasdroger AWB777,1,0,0,0,0,0,0.00%,0.00%
Whirlpool wasdroger CAREMULTRA,2,0,0,0,0,0,0.00%,0.00%
Whirlpool wasdroger HDLX70310 Outlet,11416,344,10,1,8,0,2.91%,0.00%
Whirlpool wasdroger HDLX80410 Outlet,1524,30,0,0,0,0,0.00%,0.00%
Whirlpool wasmachine TDLR70220 Outlet Outlet,13539,0,0,1,2,0,0.00%,0.00%
Widex hitte beschermer HEAT PROTECTOR,2864,18,2,0,0,0,11.11%,0.00%
Widex strijkplank overtrek ACTIV,3247,92,1,1,3,0,1.09%,0.00%
Widex strijkplank overtrek Parking & Gliss T2,0,0,0,0,4,0,0.00%,0.00%
Widex strijkplank overtrek Parking &amp; Gliss T1,4568,48,3,0,0,0,6.25%,0.00%
Widex strijkplank overtrek Parking &amp; Gliss T2,3123,50,2,0,0,0,4.00%,0.00%
Wiko smartphone PULP 4G (Wit),1,0,0,0,0,0,0.00%,0.00%
Wiko smartphone RAINBOW JAM (Zwart),1,0,0,0,0,0,0.00%,0.00%
Wiko smartphone RAINBOW JAM (Zwart) + VODAFONE SIM,11462,593,17,8,27,0,2.87%,0.00%
Wiko smartphone RAINBOW JAM LEBARA WIT,0,0,0,0,3,0,0.00%,0.00%
Wiko smartphone RAINBOW JAM LEBARA ZW,0,0,0,1,1,0,0.00%,0.00%
Wiko smartphone Sunny (Wit),1,0,0,0,0,0,0.00%,0.00%
Wiko smartphone SUNNY (Zwart),4986,272,8,1,18,0,2.94%,0.00%
Wiko smartphone SUNNY COLORRUN (Zwart),1,0,0,0,0,0,0.00%,0.00%
Wiko smartphone SUNSET 2 (Wit),2,0,0,0,0,0,0.00%,0.00%
Wiko smartphone SUNSET 2 (Zwart),7117,449,10,2,17,0,2.23%,0.00%
Wiko smartphone TOMMY + Lebara (Zwart),14772,362,3,1,5,0,0.83%,0.00%
Wiko smartphone TOMMY LEBARA ZWART,4670,247,1,0,3,0,0.40%,0.00%
Wiko smartphone U Feel Lite 4G (blauw),37215,692,11,3,15,0,1.59%,0.00%
Wiko smartphone U Feel Lite 4G (bruin),29594,541,4,2,16,0,0.74%,0.00%
Wiko smartphone U Feel Lite 4G (lime),12731,329,1,0,12,0,0.30%,0.00%
Wiko smartphone U Feel Lite 4G (rosÃ© goud),1,0,0,0,0,0,0.00%,0.00%
Wiko smartphone U Feel Lite 4G (rosé goud),12487,247,5,2,9,0,2.02%,0.00%
Wiko telefoonhoesje BOOKCOVER-GRIJS,2087,83,2,2,2,0,2.41%,0.00%
Wiko telefoonhoesje WI-BOOKPULP-BLK,2465,47,11,4,17,0,23.40%,0.00%
Wiko telefoonhoesje WI-VIEWLENNY3-BLK,2840,86,5,2,5,0,5.81%,0.00%
Wonky Monkey portable speaker COLORWAVE M,1058,44,0,0,0,0,0.00%,0.00%
Wonky Monkey portable speaker WMSPBT60PK,6818,81,14,3,19,0,17.28%,0.00%
Wpro afvoerslang (0.5 - 2 meter),4360,53,4,2,12,0,7.55%,0.00%
WPRO afvoerslang AFVOERVARI,2612,42,1,0,2,0,2.38%,0.00%
Wpro afvoerslang CHT305,928,8,2,0,0,0,25.00%,0.00%
Wpro afvoerslang CHT305,0,0,0,1,3,0,0.00%,0.00%
Wpro Afzuigkaplamp LMH138,993,2,0,0,0,0,0.00%,0.00%
Wpro Afzuigkaplamp LMH139,1184,40,19,0,0,0,47.50%,0.00%
Wpro digitale thermometer 4840000010,2661,112,15,0,0,0,13.39%,0.00%
Wpro dubbele afvoerpijp DEP100,2373,116,25,7,46,0,21.55%,0.00%
Wpro geurneutralisator Fresh&#39;Air ODA014,813,114,55,0,0,0,48.25%,0.00%
Wpro koelkastlamp LRF136,1021,18,2,0,0,0,11.11%,0.00%
Wpro machinereiniger PowerPro Liquid,534,37,7,2,11,0,18.92%,0.00%
Wpro onderhoudset KTR100,473,8,0,0,0,0,0.00%,0.00%
Wpro ontkalker &amp; ontvetter LIQ200,884,45,7,0,0,0,15.56%,0.00%
Wpro reiniger & ontvetter OIR001,0,0,0,1,9,0,0.00%,0.00%
Wpro reiniger &amp; ontvetter OIR001,3412,14,4,0,0,0,28.57%,0.00%
Wpro reinigingsaccessoire MWO111,3872,9,1,0,2,0,11.11%,0.00%
Wpro set MWB102,1921,26,0,0,0,0,0.00%,0.00%
Wpro set MWB102,0,0,0,1,1,0,0.00%,0.00%
Wpro strijk accessoire IRO002,3581,9,2,0,1,0,22.22%,0.00%
Wpro strijk accessoire SIM010NEW,2854,16,2,1,6,0,12.50%,0.00%
Wpro vaatwasser onderhoudspakket DKW104,2423,71,4,0,0,0,5.63%,0.00%
Wpro vaatwasser starterkit DWC100,2141,14,1,0,5,0,7.14%,0.00%
Wpro was/droog accessoire MWC172,698,44,1,0,0,0,2.27%,0.00%
Wpro wasgoedverfrisser DeoStar (lavendel),665,43,1,1,1,0,2.33%,0.00%
Wpro wasmachine accessoire KWM214,1995,11,12,4,16,0,109.09%,0.00%
Wpro waterfilter APP100/1,1037,12,0,0,0,0,0.00%,0.00%
Wpro waterfilter FILTER BAPP100,1355,16,0,0,0,0,0.00%,0.00%
Wpro waterfilter voor Amerikaanse koelkasten USC100,4787,34,2,1,4,0,5.88%,0.00%
Wpro waterfilter WATERFILTER USC009/1,858,12,0,0,0,0,0.00%,0.00%
WPRO waterstop WBL102,1620,219,17,12,21,0,7.76%,0.00%
X-Doria telefoonhoes XD-BUMP-IPH5SE-BLK,4105,82,1,0,1,0,1.22%,0.00%
X-Doria telefoonhoesje XD-360-IPH5SE,5182,74,1,0,4,0,1.35%,0.00%
X-Doria telefoonhoesje XD-360-SAG930,3694,23,0,0,0,0,0.00%,0.00%
X-Doria telefoonhoesje XD-COVREVELIPH6-GRY,2504,52,2,0,3,0,3.85%,0.00%
X-Doria telefoonhoesje XD-COVTRAIPH5SE-BLK,5483,68,1,0,2,0,1.47%,0.00%
X-Doria telefoonhoesje XD-DEFLUX-IPH6-BLK,2539,63,0,0,0,0,0.00%,0.00%
X-Doria telefoonhoesje XD-DEFLUX-IPH6-BRN,2317,41,0,0,0,0,0.00%,0.00%
X-Doria telefoonhoesje XD-TPUUTSAG930,3679,19,0,0,0,0,0.00%,0.00%
XMG desktop computer PRIME OC-TRT,6977,62,0,0,0,0,0.00%,0.00%
XMG desktop computer PRIME OC-YXP,7313,54,0,0,0,0,0.00%,0.00%
XMG desktop computer SECTOR OC-HFV,6529,64,0,0,0,0,0.00%,0.00%
XMG desktop computer SECTOR²-TSP,1390,39,0,0,0,0,0.00%,0.00%
XMG desktop computer SECTOR²-WZD,1421,129,1,0,10,0,0.78%,0.00%
XMG laptop A506-SKG ADVANCED,10074,166,2,0,6,0,1.20%,0.00%
XMG laptop A506-TMD ADVANCED,10379,206,4,1,15,0,1.94%,0.00%
XMG laptop A516-DVS ADVANCED,8966,86,0,0,0,0,0.00%,0.00%
XMG laptop A716-HYX ADVANCED,16339,128,4,2,5,0,3.13%,0.00%
XMG laptop P507-GRH PRO,6081,136,4,0,6,0,2.94%,0.00%
XMG laptop P507-ZDR PRO,5024,71,2,1,4,0,2.82%,0.00%
XMG laptop P707-VHZ PRO,17818,166,2,0,3,0,1.20%,0.00%
XMG laptop U507-RWF ULTIMATE,5300,61,0,0,0,0,0.00%,0.00%
XMG laptop U717-RDW ULTIMATE,6075,118,7,1,43,0,5.93%,0.00%
Xsories monopod statief USHOTMBLUE,1275,92,2,0,0,0,2.17%,0.00%
Xsories monopod statief USHOTMBLUE,0,0,0,0,4,0,0.00%,0.00%
Xtorm back-up batterij PLATINUM MINI 2,5883,262,0,0,0,0,0.00%,0.00%
Xtorm back-up batterij Powerbank Air 6000 XB100,6457,838,59,0,0,0,7.04%,0.00%
Xtorm lader XTORM AC ADAPTER. USB+USB-C,5381,52,0,0,0,0,0.00%,0.00%
Xtorm lader XTORM POWER CAR-PLUG USB-C,4779,35,0,0,0,0,0.00%,0.00%
Xtorm lightning-USB kabel CX002,1621,74,3,0,2,0,4.05%,0.00%
Xtorm micro-USB kabel CX001,1850,73,0,0,0,0,0.00%,0.00%
Y-Cam camera Cube CUBE1080WH (wit),1231,30,0,0,0,0,0.00%,0.00%
Y-cam IP camera Cube HD 1080 YCBHD6 (zwart),1291,24,0,0,0,0,0.00%,0.00%
Y-cam IP camera Cube HD 720 YCBHD5 (zwart),80,11,0,0,2,0,0.00%,0.00%
Y-cam IP camera Cube YCW005 (wit),5547,189,0,0,0,0,0.00%,0.00%
Yamaha 3D blu-ray speler BDA1040/ZW,3,0,0,0,0,0,0.00%,0.00%
Yamaha blu-ray speler BDS477ZWA,19783,603,25,4,33,0,4.15%,0.00%
Yamaha home cinema systeem ISX-18D WIT,3816,25,1,0,1,0,4.00%,0.00%
Yamaha home cinema systeem ISX-18D ZWART,3340,28,0,0,0,0,0.00%,0.00%
Yamaha home cinema systeem ISX-80 WIT,9099,153,0,0,0,0,0.00%,0.00%
Yamaha home cinema systeem ISX-80 ZWART,2312,75,0,0,0,0,0.00%,0.00%
Yamaha home cinema systeem YHT2930EU ZWART,18645,806,10,6,19,0,1.24%,0.00%
Yamaha luidsprekers NSF51,10000,756,9,4,15,0,1.19%,0.00%
Yamaha microset CD-NT 670 DAB+ ZILVER,6431,437,3,4,20,0,0.69%,0.00%
Yamaha microset CD-NT 670 DAB+ ZWART,3516,332,2,0,5,0,0.60%,0.00%
Yamaha netwerk audiosysteem MusiCast Trio (zilver),7064,481,7,2,8,0,1.46%,0.00%
Yamaha receiver RN301 (zilver),2690,344,5,2,8,0,1.45%,0.00%
Yamaha soundbar YAS-306 ZWART,4859,60,1,0,0,0,1.67%,0.00%
Yamaha soundbar YSP 5600 SW ZWART,13693,871,11,3,13,0,1.26%,0.00%
Yamaha soundbar YSP-1600 ZILVER,13637,413,8,1,8,0,1.94%,0.00%
Yamaha soundbar YSP-1600 ZWART,13659,516,2,0,4,0,0.39%,0.00%
Yamaha stereo receiver RN-602 ZILVER,14502,522,16,1,21,0,3.07%,0.00%
Yamaha stereo receiver T-S500 (zwart),192,10,0,0,0,0,0.00%,0.00%
Yamaha surround DAB receiver RXV481D TITANIUM,11297,428,16,5,18,0,3.74%,0.00%
Yamaha surround receiver RX-S 601 DAB+ WIT,8326,362,8,1,9,0,2.21%,0.00%
Yamaha surround receiver RX-V679 (zwart),709,37,2,1,1,0,5.41%,0.00%
Yamaha surround receiver RXV381 ZWART,9611,696,12,1,12,0,1.72%,0.00%
Yamaha surround receiver RXV481 TITANIUM,13469,486,18,6,29,0,3.70%,0.00%
Yamaha surround receiver RXV581 (Zwart),12000,330,8,1,10,0,2.42%,0.00%
Yamaha surround receiver RXV581 TITANIUM,13943,180,0,1,1,0,0.00%,0.00%
Yamaha surround receiver RXV681 TITANIUM,11925,152,0,0,0,0,0.00%,0.00%
Yamaha surround receiver RXV681 ZWART,12600,282,13,2,16,0,4.61%,0.00%
Yamaha tuner T-S500 (zwart),304,52,0,0,0,0,0.00%,0.00%
Yamaha versterker RN500 ZILVER,663,34,0,0,0,0,0.00%,0.00%
Zanussi afzuigkap ZH612X,4125,77,5,1,8,0,6.49%,0.00%
Zanussi afzuigkap ZHC9131X,4750,219,7,1,12,0,3.20%,0.00%
Zanussi inductiekookplaat  (inbouw) ZEI7644BBV,4889,119,0,0,0,0,0.00%,0.00%
Zanussi inductiekookplaat  (inbouw) ZEL6640XBA,6763,702,36,0,0,0,5.13%,0.00%
Zanussi inductiekookplaat  (inbouw) ZEM6740FBA,5510,126,0,0,0,0,0.00%,0.00%
Zanussi inductiekookplaat (inbouw) ZEI7644BBV,0,0,0,0,1,0,0.00%,0.00%
Zanussi inductiekookplaat ZEI8640XBA,3672,252,0,0,0,0,0.00%,0.00%
Zanussi keramische kookplaat ZEV6340FBA,4353,341,10,3,21,0,2.93%,0.00%
Zanussi koelvriescombinatie (inbouw) ZBA22021SV,4628,131,5,1,6,0,3.82%,0.00%
Zanussi koelvriescombinatie (inbouw) ZBA22442SV,5235,76,1,0,2,0,1.32%,0.00%
Zanussi koelvriescombinatie (inbouw) ZBA23042SV,4613,28,0,0,0,0,0.00%,0.00%
Zanussi oven (inbouw) ZOB25601XK Outlet,3026,171,2,0,0,0,1.17%,0.00%
Zanussi vaatwasser (inbouw) ZDI21001XA,7024,54,5,1,3,0,9.26%,0.00%
Zanussi vaatwasser (inbouw) ZDI26001XA Outlet,1635,0,1,0,1,0,0.00%,0.00%
Zanussi vaatwasser (inbouw) ZDI26011XA,2659,9,0,0,0,0,0.00%,0.00%
Zanussi vaatwasser (inbouw) ZDT13012FA,6842,94,10,2,19,0,10.64%,0.00%
Zanussi vaatwasser (inbouw) ZDT21001FA Outlet,768,0,3,3,6,0,0.00%,0.00%
Zanussi vaatwasser (inbouw) ZDT25001FA,6405,40,4,1,5,0,10.00%,0.00%
Zanussi vaatwasser (inbouw) ZDT26011FA,2574,8,0,0,0,0,0.00%,0.00%
Zanussi vaatwasser (inbouw) ZDTCENTO,3852,36,2,0,3,0,5.56%,0.00%
Zanussi vriezer ZFC51400WA,45561,1669,112,0,0,0,6.71%,0.00%
Zanussi warmtepompdroger ZDH8333W Outlet,8921,1,3,0,4,0,300.00%,0.00%
Zanussi wasdroger ZDC8203W,0,2,0,0,0,0,0.00%,0.00%
,135725253,6575404,390296,76319,723244,132650,5.94%,2.02%
